<?xml version="1.0" encoding="UTF-8"?>
<GenRun Id="impl_1" LaunchPart="xa7a35tcpg236-1I" LaunchTime="1523430560">
  <File Type="PWROPT-DCP" Name="seq_multi_4b_pwropt.dcp"/>
  <File Type="PA-TCL" Name="seq_multi_4b.tcl"/>
  <File Type="POSTPLACE-PWROPT-DCP" Name="seq_multi_4b_postplace_pwropt.dcp"/>
  <File Type="REPORTS-TCL" Name="seq_multi_4b_reports.tcl"/>
  <File Type="BG-DRC" Name="seq_multi_4b.drc"/>
  <File Type="OPT-DCP" Name="seq_multi_4b_opt.dcp"/>
  <File Type="OPT-HWDEF" Name="seq_multi_4b.hwdef"/>
  <File Type="PLACE-DCP" Name="seq_multi_4b_placed.dcp"/>
  <File Type="PLACE-PRE-SIMILARITY" Name="seq_multi_4b_incremental_reuse_pre_placed.rpt"/>
  <File Type="PHYSOPT-DCP" Name="seq_multi_4b_physopt.dcp"/>
  <File Type="BG-BIT" Name="seq_multi_4b.bit"/>
  <File Type="ROUTE-ERROR-DCP" Name="seq_multi_4b_routed_error.dcp"/>
  <File Type="ROUTE-DCP" Name="seq_multi_4b_routed.dcp"/>
  <File Type="ROUTE-BLACKBOX-DCP" Name="seq_multi_4b_routed_bb.dcp"/>
  <File Type="BITSTR-MSK" Name="seq_multi_4b.msk"/>
  <File Type="BG-BGN" Name="seq_multi_4b.bgn"/>
  <File Type="BITSTR-RBT" Name="seq_multi_4b.rbt"/>
  <File Type="BG-BIN" Name="seq_multi_4b.bin"/>
  <File Type="ROUTE-TIMING-PB" Name="seq_multi_4b_timing_summary_routed.pb"/>
  <File Type="RDI-RDI" Name="seq_multi_4b.vdi"/>
  <File Type="POSTROUTE-PHYSOPT-DCP" Name="seq_multi_4b_postroute_physopt.dcp"/>
  <File Type="POSTROUTE-PHYSOPT-BLACKBOX-DCP" Name="seq_multi_4b_postroute_physopt_bb.dcp"/>
  <File Type="BITSTR-NKY" Name="seq_multi_4b.nky"/>
  <File Type="BITSTR-BMM" Name="seq_multi_4b_bd.bmm"/>
  <File Type="BITSTR-MMI" Name="seq_multi_4b.mmi"/>
  <File Type="BITSTR-LTX" Name="seq_multi_4b.ltx"/>
  <File Type="BITSTR-SYSDEF" Name="seq_multi_4b.sysdef"/>
  <File Type="WBT-USG" Name="usage_statistics_webtalk.html"/>
  <FileSet Name="sources" Type="DesignSrcs" RelSrcDir="$PSRCDIR/sources_1">
    <Filter Type="Srcs"/>
    <File Path="$PSRCDIR/sources_1/new/SevSeg_4digit.sv">
      <FileInfo>
        <Attr Name="UsedIn" Val="synthesis"/>
        <Attr Name="UsedIn" Val="implementation"/>
        <Attr Name="UsedIn" Val="simulation"/>
      </FileInfo>
    </File>
    <File Path="$PSRCDIR/sources_1/new/multiplier.sv">
      <FileInfo>
        <Attr Name="UsedIn" Val="synthesis"/>
        <Attr Name="UsedIn" Val="implementation"/>
        <Attr Name="UsedIn" Val="simulation"/>
      </FileInfo>
    </File>
    <Config>
      <Option Name="DesignMode" Val="RTL"/>
      <Option Name="TopModule" Val="seq_multi_4b"/>
      <Option Name="TopAutoSet" Val="TRUE"/>
    </Config>
  </FileSet>
  <FileSet Name="constrs_in" Type="Constrs" RelSrcDir="$PSRCDIR/constrs_1">
    <Filter Type="Constrs"/>
    <File Path="$PSRCDIR/constrs_1/new/cons.xdc">
      <FileInfo>
        <Attr Name="UsedIn" Val="synthesis"/>
        <Attr Name="UsedIn" Val="implementation"/>
      </FileInfo>
    </File>
    <Config>
      <Option Name="ConstrsType" Val="XDC"/>
    </Config>
  </FileSet>
  <Strategy Version="1" Minor="2">
    <StratHandle Name="Vivado Implementation Defaults" Flow="Vivado Implementation 2017"/>
    <Step Id="init_design"/>
    <Step Id="opt_design"/>
    <Step Id="power_opt_design"/>
    <Step Id="place_design"/>
    <Step Id="post_place_power_opt_design"/>
    <Step Id="phys_opt_design"/>
    <Step Id="route_design"/>
    <Step Id="post_route_phys_opt_design"/>
    <Step Id="write_bitstream"/>
  </Strategy>
</GenRun>
